DayDate,Cupressaceae,Urticaceae,MIXED
2016-02-01,2.4801587301587302,0.0,2.4801587301587302
2016-02-02,1.4880952380952381,0.0,1.4880952380952381
2016-02-03,3.4722222222222228,0.0,3.4722222222222228
2016-02-04,5.4563492063492065,0.0,5.4563492063492065
2016-02-05,7.44047619047619,0.0,7.44047619047619
2016-02-06,4.96031746031746,0.0,4.96031746031746
2016-02-07,3.9682539682539684,0.0,3.9682539682539684
2016-02-08,6.448412698412699,0.0,6.448412698412699
2016-02-09,25.793650793650794,0.0,25.793650793650794
2016-02-10,312.5,0.0,312.5
2016-02-11,386.4087301587301,0.49603174603174605,386.90476190476187
2016-02-12,54.06746031746032,0.49603174603174605,54.56349206349207
2016-02-13,26.785714285714292,0.0,26.785714285714292
2016-02-14,15.376984126984128,0.0,15.376984126984128
2016-02-15,335.31746031746036,0.9920634920634921,336.30952380952385
2016-02-16,105.65476190476193,2.9761904761904763,108.63095238095241
2016-02-17,118.05555555555556,1.4880952380952381,119.5436507936508
2016-02-18,1057.5396825396824,0.49603174603174605,1058.0357142857142
2016-02-19,139.88095238095238,4.464285714285714,144.3452380952381
2016-02-20,376.984126984127,0.9920634920634921,377.9761904761905
2016-02-21,112.10317460317462,0.0,112.10317460317462
2016-02-22,143.35317460317458,0.49603174603174605,143.84920634920633
2016-02-23,76.38888888888889,0.0,76.38888888888889
2016-02-24,635.9126984126984,0.0,635.9126984126984
2016-02-25,479.1666666666667,3.4722222222222228,482.6388888888889
2016-02-26,272.3214285714286,2.4801587301587302,274.80158730158735
2016-02-27,39.18650793650794,0.0,39.18650793650794
2016-02-28,211.80555555555557,0.0,211.80555555555557
2016-02-29,368.0555555555555,5.4563492063492065,373.5119047619047
2016-03-01,230.6547619047619,1.9841269841269842,232.63888888888889
2016-03-02,192.95634920634916,3.9682539682539684,196.92460317460313
2016-03-03,188.4920634920635,3.9682539682539684,192.46031746031747
2016-03-04,64.98015873015872,0.49603174603174605,65.47619047619047
2016-03-05,98.71031746031747,0.9920634920634921,99.70238095238096
2016-03-06,33.23412698412699,2.9761904761904763,36.21031746031746
2016-03-07,32.80555555555555,1.4880952380952381,34.29365079365079
2016-03-08,1.4880952380952381,0.0,1.4880952380952381
2016-03-09,18.84920634920635,1.4880952380952381,20.33730158730159
2016-03-10,3.4722222222222228,0.49603174603174605,3.968253968253969
2016-03-11,19.345238095238095,3.4722222222222228,22.817460317460316
2016-03-12,16.36904761904762,0.0,16.36904761904762
2016-03-13,12.896825396825397,1.9841269841269842,14.880952380952381
2016-03-14,3.4722222222222228,0.49603174603174605,3.968253968253969
2016-03-15,1.9841269841269842,0.49603174603174605,2.4801587301587302
2016-03-16,6.944444444444444,1.4880952380952381,8.432539682539682
2016-03-17,1.4880952380952381,4.9603174603174605,6.448412698412699
2016-03-18,4.464285714285714,6.9444444444444455,11.40873015873016
2016-03-19,76.3888888888889,7.936507936507937,84.32539682539684
2016-03-20,37.6984126984127,12.40079365079365,50.099206349206355
2016-03-21,36.706349206349195,13.888888888888891,50.59523809523809
2016-03-22,123.015873015873,17.857142857142858,140.87301587301585
2016-03-23,226.19047619047615,6.944444444444444,233.1349206349206
2016-03-24,40.17857142857142,8.928571428571429,49.107142857142854
2016-03-25,0.0,5.9523809523809526,5.9523809523809526
2016-03-26,0.49603174603174605,3.9682539682539684,4.464285714285714
2016-03-27,2.9761904761904763,2.4801587301587302,5.4563492063492065
2016-03-28,4.96031746031746,10.912698412698413,15.873015873015873
2016-03-29,6.448412698412699,50.099206349206355,56.54761904761905
2016-03-30,11.408730158730158,32.242063492063494,43.65079365079365
2016-03-31,52.57936507936508,51.58730158730159,104.16666666666667
2016-04-01,26.78571428571429,36.21031746031746,62.99603174603175
2016-04-02,58.035714285714285,87.3015873015873,145.3373015873016
2016-04-03,43.650793650793645,97.22222222222221,140.87301587301585
2016-04-04,26.78571428571429,112.59920634920634,139.38492063492063
2016-04-05,57.04365079365079,576.3888888888888,633.4325396825396
2016-04-06,100.69444444444446,686.0119047619047,786.7063492063492
2016-04-07,36.706349206349195,397.81746031746025,434.52380952380946
2016-04-08,42.16269841269841,313.4920634920635,355.6547619047619
2016-04-09,23.809523809523807,279.76190476190476,303.57142857142856
2016-04-10,14.88095238095238,319.4444444444444,334.32539682539675
2016-04-11,78.8690476190476,168.65079365079364,247.51984126984127
2016-04-12,72.91666666666669,280.25793650793645,353.17460317460313
2016-04-13,92.75793650793652,166.1706349206349,258.92857142857144
2016-04-14,75.3968253968254,187.99603174603172,263.3928571428571
2016-04-15,29.265873015873012,80.35714285714285,109.62301587301586
2016-04-16,35.714285714285715,52.57936507936508,88.2936507936508
2016-04-17,38.19444444444445,56.0515873015873,94.24603174603175
2016-04-18,23.80952380952381,51.09126984126984,74.90079365079364
2016-04-19,16.36904761904762,69.44444444444446,85.81349206349208
2016-04-20,40.67460317460317,56.547619047619044,97.22222222222221
2016-04-21,34.72222222222222,21.32936507936508,56.051587301587304
2016-04-22,24.801587301587304,23.313492063492063,48.11507936507937
2016-04-23,40.17857142857142,23.809523809523814,63.98809523809524
2016-04-24,7.44047619047619,8.928571428571429,16.36904761904762
2016-04-25,3.4722222222222228,15.376984126984127,18.849206349206348
2016-04-26,8.432539682539682,25.793650793650798,34.22619047619048
2016-04-27,6.448412698412697,8.928571428571429,15.376984126984127
2016-04-28,4.9603174603174605,9.424603174603176,14.384920634920636
2016-04-29,2.4801587301587302,17.857142857142858,20.33730158730159
2016-04-30,2.4801587301587302,5.9523809523809526,8.432539682539684
2016-05-01,3.4722222222222228,11.408730158730158,14.880952380952381
2016-05-02,1.4880952380952381,11.904761904761905,13.392857142857142
2016-05-03,0.49603174603174605,17.36111111111111,17.857142857142858
2016-05-04,0.49603174603174605,7.440476190476191,7.936507936507937
2016-05-05,0.0,7.936507936507937,7.936507936507937
2016-05-06,0.0,4.96031746031746,4.96031746031746
2016-05-07,0.0,4.9603174603174605,4.9603174603174605
2016-05-08,0.0,3.9682539682539684,3.9682539682539684
2016-05-09,1.4880952380952381,19.841269841269842,21.32936507936508
2016-05-10,4.464285714285714,17.857142857142858,22.321428571428573
2016-05-11,2.9761904761904763,1.4880952380952381,4.464285714285714
2016-05-12,3.4722222222222228,3.4722222222222228,6.9444444444444455
2016-05-13,0.0,11.408730158730158,11.408730158730158
2016-05-14,1.9841269841269842,12.896825396825399,14.880952380952383
2016-05-15,0.0,4.96031746031746,4.96031746031746
2016-05-16,1.9841269841269842,5.9523809523809526,7.936507936507937
2016-05-17,2.9761904761904763,13.888888888888888,16.865079365079364
2016-05-18,0.49603174603174605,12.400793650793652,12.896825396825399
2016-05-19,1.4880952380952381,14.88095238095238,16.369047619047617
2016-05-20,0.9920634920634921,13.888888888888891,14.880952380952383
2016-05-21,0.0,4.464285714285714,4.464285714285714
2016-05-22,0.9920634920634921,26.28968253968254,27.28174603174603
2016-05-23,0.49603174603174605,12.8968253968254,13.392857142857146
2016-05-24,1.9841269841269842,3.9682539682539684,5.9523809523809526
2016-05-25,0.0,2.9761904761904763,2.9761904761904763
2016-05-26,0.9920634920634921,1.4880952380952381,2.4801587301587302
2016-05-27,1.4880952380952381,11.904761904761903,13.392857142857142
2016-05-28,0.49603174603174605,1.4880952380952381,1.9841269841269842
2016-05-29,0.0,3.9682539682539684,3.9682539682539684
2016-05-30,0.9920634920634921,4.464285714285714,5.4563492063492065
2016-05-31,1.4880952380952381,2.4801587301587302,3.9682539682539684
2016-06-01,0.0,10.912698412698413,10.912698412698413
2016-06-02,0.0,6.448412698412697,6.448412698412697
2016-06-03,0.9920634920634921,0.9920634920634921,1.9841269841269842
2016-06-04,0.0,0.9920634920634921,0.9920634920634921
2016-06-05,0.0,0.49603174603174605,0.49603174603174605
2016-06-06,0.49603174603174605,0.49603174603174605,0.9920634920634921
2016-06-07,0.49603174603174605,1.9841269841269842,2.4801587301587302
2016-06-08,0.0,0.9920634920634921,0.9920634920634921
2016-06-09,0.49603174603174605,1.4880952380952381,1.9841269841269842
2016-06-10,0.0,8.928571428571429,8.928571428571429
2016-06-11,0.49603174603174605,1.4880952380952381,1.9841269841269842
2016-06-12,0.0,0.49603174603174605,0.49603174603174605
2016-06-13,0.0,2.9761904761904763,2.9761904761904763
2016-06-14,0.49603174603174605,3.4722222222222214,3.9682539682539675
2016-06-15,0.0,1.9841269841269842,1.9841269841269842
2016-06-17,0.0,0.49603174603174605,0.49603174603174605
2016-06-18,0.0,1.4880952380952381,1.4880952380952381
2016-06-19,0.0,1.4880952380952381,1.4880952380952381
2016-06-20,0.0,1.9841269841269842,1.9841269841269842
2016-06-21,0.9920634920634921,0.9920634920634921,1.9841269841269842
2016-06-22,0.0,1.9841269841269842,1.9841269841269842
2016-06-23,0.0,0.49603174603174605,0.49603174603174605
2016-06-24,0.0,1.4880952380952381,1.4880952380952381
2016-06-25,0.0,0.49603174603174605,0.49603174603174605
2016-06-28,0.9920634920634921,0.0,0.9920634920634921
2016-06-29,0.0,1.4880952380952381,1.4880952380952381
2016-07-03,0.49603174603174605,0.49603174603174605,0.9920634920634921
2016-07-05,0.49603174603174605,1.4880952380952381,1.9841269841269842
2016-07-06,0.0,1.4880952380952381,1.4880952380952381
2016-07-07,0.0,0.9920634920634921,0.9920634920634921
2016-07-08,0.0,0.49603174603174605,0.49603174603174605
2016-07-09,0.0,1.9841269841269842,1.9841269841269842
2016-07-10,0.0,0.9920634920634921,0.9920634920634921
2016-07-11,0.0,5.9523809523809526,5.9523809523809526
2016-07-12,0.0,6.944444444444444,6.944444444444444
2016-07-13,0.0,3.9682539682539684,3.9682539682539684
2016-07-14,0.9920634920634921,0.9920634920634921,1.9841269841269842
2016-07-17,0.0,0.49603174603174605,0.49603174603174605
2016-07-18,0.0,1.4880952380952381,1.4880952380952381
2016-07-19,0.9920634920634921,2.4801587301587302,3.4722222222222223
2016-07-20,0.0,5.456349206349206,5.456349206349206
2016-07-21,0.0,5.456349206349206,5.456349206349206
2016-07-22,0.0,1.4880952380952381,1.4880952380952381
2016-07-23,0.0,0.9920634920634921,0.9920634920634921
2016-07-25,0.0,0.49603174603174605,0.49603174603174605
2016-07-27,0.0,0.49603174603174605,0.49603174603174605
2016-07-28,0.0,0.9920634920634921,0.9920634920634921
2016-07-31,0.0,0.9920634920634921,0.9920634920634921
2016-08-01,0.0,0.9920634920634921,0.9920634920634921
2016-08-05,0.0,0.49603174603174605,0.49603174603174605
2016-08-08,0.0,0.49603174603174605,0.49603174603174605
2016-08-10,0.0,0.49603174603174605,0.49603174603174605
2016-08-11,0.0,0.49603174603174605,0.49603174603174605
2016-08-12,0.0,1.4880952380952381,1.4880952380952381
2016-08-13,0.49603174603174605,4.96031746031746,5.456349206349206
2016-08-14,0.0,0.49603174603174605,0.49603174603174605
2016-08-15,0.0,0.49603174603174605,0.49603174603174605
2016-08-16,0.0,0.49603174603174605,0.49603174603174605
2016-08-17,0.0,0.49603174603174605,0.49603174603174605
2016-08-18,0.0,0.9920634920634921,0.9920634920634921
2016-08-19,0.0,0.49603174603174605,0.49603174603174605
2016-08-24,0.0,0.49603174603174605,0.49603174603174605
2016-08-25,0.0,0.49603174603174605,0.49603174603174605
2016-08-26,0.0,0.9920634920634921,0.9920634920634921
2016-08-27,0.0,0.49603174603174605,0.49603174603174605
2016-08-28,0.0,0.49603174603174605,0.49603174603174605
2016-08-29,0.0,0.49603174603174605,0.49603174603174605
2016-08-30,0.0,0.49603174603174605,0.49603174603174605
2016-08-31,0.0,5.9523809523809526,5.9523809523809526
2016-09-01,0.0,1.4880952380952381,1.4880952380952381
2016-09-02,0.0,5.456349206349206,5.456349206349206
2016-09-03,0.49603174603174605,0.49603174603174605,0.9920634920634921
2016-09-05,0.0,0.9920634920634921,0.9920634920634921
2016-09-08,0.49603174603174605,0.49603174603174605,0.9920634920634921
2016-09-12,0.0,0.49603174603174605,0.49603174603174605
2016-09-13,0.49603174603174605,0.0,0.49603174603174605
2016-09-14,1.4880952380952381,0.0,1.4880952380952381
2016-09-15,0.0,0.49603174603174605,0.49603174603174605
2016-09-16,0.0,0.49603174603174605,0.49603174603174605
2016-09-20,0.49603174603174605,0.0,0.49603174603174605
2016-09-21,0.49603174603174605,0.0,0.49603174603174605
2016-09-28,0.49603174603174605,0.0,0.49603174603174605
2016-10-04,0.49603174603174605,0.0,0.49603174603174605
2016-10-05,0.49603174603174605,0.0,0.49603174603174605
2016-10-07,0.0,0.49603174603174605,0.49603174603174605
2016-10-10,0.0,0.49603174603174605,0.49603174603174605
2016-10-14,0.49603174603174605,0.0,0.49603174603174605
2016-10-28,0.9920634920634921,0.49603174603174605,1.4880952380952381
2016-11-10,0.9920634920634921,0.0,0.9920634920634921
2017-02-05,61.002178649237486,0.0,61.002178649237486
2017-02-06,173.74727668845313,0.0,173.74727668845313
2017-02-07,44.66230936819172,0.0,44.66230936819172
2017-02-08,28.867102396514166,0.0,28.867102396514166
2017-02-09,23.42047930283225,0.0,23.42047930283225
2017-02-10,11.98257080610022,0.0,11.98257080610022
2017-02-11,1.0893246187363834,0.0,1.0893246187363834
2017-02-12,0.5446623093681917,0.0,0.5446623093681917
2017-02-13,3.26797385620915,0.0,3.26797385620915
2017-02-14,7.625272331154684,0.0,7.625272331154684
2017-02-15,14.705882352941176,0.0,14.705882352941176
2017-02-16,103.4858387799564,0.5446623093681917,104.03050108932459
2017-02-17,14.161220043572987,0.0,14.161220043572987
2017-02-18,23.42047930283225,0.0,23.42047930283225
2017-02-19,13.071895424836603,0.0,13.071895424836603
2017-02-20,22.875816993464053,0.0,22.875816993464053
2017-02-21,17.973856209150327,0.0,17.973856209150327
2017-02-22,76.25272331154684,0.0,76.25272331154684
2017-02-23,107.29847494553378,0.0,107.29847494553378
2017-02-24,13.616557734204791,0.0,13.616557734204791
2017-02-25,34.313725490196084,0.0,34.313725490196084
2017-02-26,5.446623093681918,0.0,5.446623093681918
2017-02-27,11.437908496732026,0.0,11.437908496732026
2017-02-28,58.8235294117647,0.0,58.8235294117647
2017-03-01,395.42483660130716,0.0,395.42483660130716
2017-03-02,787.037037037037,0.0,787.037037037037
2017-03-03,312.09150326797385,1.633986928104575,313.7254901960784
2017-03-04,149.78213507625273,0.0,149.78213507625273
2017-03-05,63.180827886710254,0.0,63.180827886710254
2017-03-06,155.7734204793028,0.0,155.7734204793028
2017-03-07,1214.0522875816994,0.0,1214.0522875816994
2017-03-08,888.8888888888891,0.0,888.8888888888891
2017-03-09,111.1111111111111,0.5446623093681917,111.65577342047929
2017-03-10,187.90849673202615,0.0,187.90849673202615
2017-03-11,857.2984749455337,0.0,857.2984749455337
2017-03-12,722.2222222222223,0.5446623093681917,722.7668845315904
2017-03-13,1071.8954248366015,0.0,1071.8954248366015
2017-03-14,369.28104575163394,0.0,369.28104575163394
2017-03-15,733.6601307189541,0.0,733.6601307189541
2017-03-16,618.7363834422658,0.0,618.7363834422658
2017-03-17,226.5795206971678,0.0,226.5795206971678
2017-03-18,187.36383442265796,0.0,187.36383442265796
2017-03-19,35.40305010893247,0.0,35.40305010893247
2017-03-20,190.63180827886708,0.0,190.63180827886708
2017-03-21,15.79520697167756,0.0,15.79520697167756
2017-03-22,14.161220043572987,2.178649237472767,16.339869281045754
2017-03-23,18.518518518518515,2.7233115468409586,21.241830065359473
2017-03-24,19.607843137254903,1.6339869281045754,21.24183006535948
2017-03-25,7.625272331154684,4.901960784313725,12.527233115468409
2017-03-26,10.348583877995642,1.0893246187363834,11.437908496732025
2017-03-27,6.5359477124183,10.893246187363836,17.429193899782135
2017-03-28,7.080610021786494,8.169934640522875,15.25054466230937
2017-03-29,8.714596949891067,8.714596949891066,17.429193899782135
2017-03-30,6.5359477124183,13.071895424836603,19.607843137254903
2017-03-31,29.41176470588235,25.599128540305014,55.010893246187365
2017-04-01,4.357298474945533,25.05446623093682,29.411764705882355
2017-04-02,2.7233115468409586,31.590413943355127,34.313725490196084
2017-04-03,13.071895424836603,20.697167755991284,33.769063180827885
2017-04-04,2.178649237472767,40.84967320261438,43.02832244008715
2017-04-05,47.93028322440088,155.77342047930284,203.70370370370372
2017-04-06,115.46840958605664,474.94553376906316,590.4139433551198
2017-04-07,62.63616557734207,210.23965141612197,272.875816993464
2017-04-08,27.777777777777775,154.13943355119827,181.91721132897604
2017-04-09,41.93899782135076,422.11328976034855,464.0522875816993
2017-04-10,128.54030501089323,421.5686274509804,550.1089324618736
2017-04-11,121.45969498910675,321.35076252723314,442.8104575163399
2017-04-12,422.6579520697168,715.6862745098039,1138.3442265795206
2017-04-13,96.94989106753813,598.0392156862746,694.9891067538127
2017-04-14,62.091503267973856,596.40522875817,658.4967320261438
2017-04-15,55.01089324618736,771.2418300653595,826.2527233115469
2017-04-16,94.22657952069717,222.76688453159042,316.9934640522876
2017-04-17,81.15468409586057,264.7058823529412,345.8605664488018
2017-04-18,15.795206971677564,83.87799564270153,99.6732026143791
2017-04-19,41.93899782135076,59.368191721132895,101.30718954248366
2017-04-20,2.7233115468409586,36.49237472766885,39.215686274509814
2017-04-21,0.5446623093681917,2.7233115468409586,3.2679738562091503
2017-04-22,0.0,4.901960784313726,4.901960784313726
2017-04-23,0.0,8.169934640522875,8.169934640522875
2017-04-24,11.437908496732026,15.250544662309366,26.688453159041394
2017-04-25,28.86710239651416,5.991285403050109,34.85838779956427
2017-04-26,48.47494553376907,14.161220043572984,62.636165577342055
2017-04-27,71.89542483660131,18.51851851851852,90.41394335511983
2017-04-28,39.21568627450981,21.241830065359476,60.45751633986929
2017-04-29,46.2962962962963,9.80392156862745,56.10021786492375
2017-04-30,45.75163398692811,20.152505446623092,65.90413943355121
2017-05-01,21.786492374727672,5.446623093681917,27.23311546840959
2017-05-02,20.697167755991284,3.812636165577342,24.509803921568626
2017-05-03,3.8126361655773415,1.0893246187363834,4.901960784313725
2017-05-04,0.5446623093681917,0.5446623093681917,1.0893246187363834
2017-05-05,1.0893246187363834,1.633986928104575,2.723311546840958
2017-05-06,0.5446623093681917,3.8126361655773415,4.357298474945534
2017-05-07,0.0,0.5446623093681917,0.5446623093681917
2017-05-08,5.99128540305011,3.812636165577342,9.803921568627452
2017-05-09,1.633986928104575,1.0893246187363834,2.723311546840958
2017-05-10,1.6339869281045754,3.812636165577342,5.446623093681917
2017-05-11,2.178649237472767,2.7233115468409586,4.901960784313726
2017-05-12,0.5446623093681917,4.357298474945533,4.901960784313724
2017-05-13,3.26797385620915,0.5446623093681917,3.8126361655773415
2017-05-14,0.5446623093681917,0.5446623093681917,1.0893246187363834
2017-05-15,13.0718954248366,1.6339869281045754,14.705882352941174
2017-05-16,0.0,5.991285403050109,5.991285403050109
2017-05-17,0.5446623093681917,3.26797385620915,3.8126361655773415
2017-05-18,0.5446623093681917,6.535947712418301,7.080610021786493
2017-05-19,2.178649237472767,0.5446623093681917,2.7233115468409586
2017-05-20,0.5446623093681917,1.0893246187363834,1.6339869281045751
2017-05-21,0.5446623093681917,1.0893246187363834,1.6339869281045751
2017-05-22,1.6339869281045754,2.7233115468409586,4.357298474945534
2017-05-23,0.0,0.5446623093681917,0.5446623093681917
2017-05-25,1.0893246187363834,1.633986928104575,2.723311546840958
2017-05-26,0.5446623093681917,0.5446623093681917,1.0893246187363834
2017-05-27,0.0,0.5446623093681917,0.5446623093681917
2017-05-28,0.0,1.0893246187363834,1.0893246187363834
2017-05-29,1.0893246187363834,1.0893246187363834,2.178649237472767
2017-05-30,0.5446623093681917,1.6339869281045754,2.178649237472767
2017-05-31,4.357298474945534,8.714596949891067,13.071895424836601
2017-06-01,1.0893246187363834,1.0893246187363834,2.178649237472767
2017-06-06,1.6339869281045754,0.5446623093681917,2.178649237472767
2017-06-07,1.0893246187363834,0.0,1.0893246187363834
2017-06-08,0.0,2.178649237472767,2.178649237472767
2017-06-09,1.633986928104575,5.991285403050109,7.625272331154684
2017-06-10,0.0,0.5446623093681917,0.5446623093681917
2017-06-11,0.0,1.6339869281045754,1.6339869281045754
2017-06-12,0.5446623093681917,1.0893246187363834,1.6339869281045751
2017-06-14,0.0,0.5446623093681917,0.5446623093681917
2017-06-15,0.0,0.5446623093681917,0.5446623093681917
2017-06-16,0.5446623093681917,1.0893246187363834,1.6339869281045751
2017-06-17,0.0,0.5446623093681917,0.5446623093681917
2017-06-18,0.5446623093681917,0.5446623093681917,1.0893246187363834
2017-06-19,1.0893246187363834,2.7233115468409586,3.812636165577342
2017-06-20,0.0,2.178649237472767,2.178649237472767
2017-06-21,0.0,3.8126361655773415,3.8126361655773415
2017-06-22,0.0,2.178649237472767,2.178649237472767
2017-06-23,0.5446623093681917,1.0893246187363834,1.6339869281045751
2017-06-24,0.0,1.6339869281045754,1.6339869281045754
2017-06-25,0.0,1.6339869281045754,1.6339869281045754
2017-06-26,0.0,1.6339869281045754,1.6339869281045754
2017-06-28,0.5446623093681917,0.0,0.5446623093681917
2017-06-29,0.0,2.178649237472767,2.178649237472767
2017-07-03,0.5446623093681917,1.0893246187363834,1.6339869281045751
2017-07-04,0.0,0.5446623093681917,0.5446623093681917
2017-07-05,0.0,0.5446623093681917,0.5446623093681917
2017-07-06,0.0,3.26797385620915,3.26797385620915
2017-07-07,0.0,0.5446623093681917,0.5446623093681917
2017-07-09,0.0,1.6339869281045754,1.6339869281045754
2017-07-17,0.5446623093681917,0.0,0.5446623093681917
2017-07-18,0.0,0.5446623093681917,0.5446623093681917
2017-07-19,0.5446623093681917,2.178649237472767,2.7233115468409586
2017-07-23,0.0,0.5446623093681917,0.5446623093681917
2017-07-25,0.0,1.0893246187363834,1.0893246187363834
2017-07-31,0.0,1.6339869281045754,1.6339869281045754
2017-08-01,0.0,1.0893246187363834,1.0893246187363834
2017-08-02,0.0,1.0893246187363834,1.0893246187363834
2017-08-03,0.0,1.0893246187363834,1.0893246187363834
2017-08-04,0.0,0.5446623093681917,0.5446623093681917
2017-08-06,0.0,1.0893246187363834,1.0893246187363834
2017-08-08,0.0,1.0893246187363834,1.0893246187363834
2017-08-09,0.0,2.7233115468409586,2.7233115468409586
2017-08-10,0.0,3.2679738562091507,3.2679738562091507
2017-08-11,0.0,1.6339869281045751,1.6339869281045751
2017-08-12,0.0,1.0893246187363834,1.0893246187363834
2017-08-13,0.0,0.5446623093681917,0.5446623093681917
2017-08-14,0.0,0.5446623093681917,0.5446623093681917
2017-08-15,0.0,1.0893246187363834,1.0893246187363834
2017-08-17,0.0,1.6339869281045754,1.6339869281045754
2017-08-18,0.0,0.5446623093681917,0.5446623093681917
2017-08-19,0.0,1.0893246187363834,1.0893246187363834
2017-08-20,0.0,3.8126361655773415,3.8126361655773415
2017-08-22,0.0,1.0893246187363834,1.0893246187363834
2017-08-25,0.0,1.6339869281045754,1.6339869281045754
2017-08-26,0.0,1.0893246187363834,1.0893246187363834
2017-08-27,0.5446623093681917,0.0,0.5446623093681917
2017-08-28,0.0,1.633986928104575,1.633986928104575
2017-08-29,0.0,0.5446623093681917,0.5446623093681917
2017-08-30,0.0,0.5446623093681917,0.5446623093681917
2017-08-31,0.0,0.5446623093681917,0.5446623093681917
2017-09-03,0.0,0.5446623093681917,0.5446623093681917
2017-09-05,0.0,0.5446623093681917,0.5446623093681917
2017-09-10,0.0,1.0893246187363834,1.0893246187363834
2017-09-11,0.0,0.5446623093681917,0.5446623093681917
2017-09-18,0.0,1.0893246187363834,1.0893246187363834
2017-09-20,0.0,0.5446623093681917,0.5446623093681917
2017-09-23,0.5446623093681917,0.0,0.5446623093681917
2017-09-24,0.0,0.5446623093681917,0.5446623093681917
2017-09-25,0.0,1.0893246187363834,1.0893246187363834
2017-09-26,0.0,0.5446623093681917,0.5446623093681917
2017-09-29,0.0,0.5446623093681917,0.5446623093681917
2017-10-04,0.0,0.5446623093681917,0.5446623093681917
2017-10-08,0.0,0.5446623093681917,0.5446623093681917
2017-10-09,0.0,0.5446623093681917,0.5446623093681917
2017-10-20,0.0,0.5446623093681917,0.5446623093681917
2017-10-25,2.723311546840959,0.0,2.723311546840959
2017-10-28,0.0,0.5446623093681917,0.5446623093681917
2017-10-29,1.6339869281045754,1.6339869281045754,3.2679738562091507
2017-10-30,0.5446623093681917,0.0,0.5446623093681917
2017-10-31,0.5446623093681917,0.0,0.5446623093681917
2017-11-06,0.0,0.5446623093681917,0.5446623093681917
2017-11-07,0.0,1.0893246187363834,1.0893246187363834
2017-11-12,0.0,0.5446623093681917,0.5446623093681917
2017-11-17,0.0,0.5446623093681917,0.5446623093681917
2017-11-26,1.0893246187363834,0.5446623093681917,1.6339869281045751
2017-11-27,0.0,0.5446623093681917,0.5446623093681917
2017-11-28,0.5446623093681917,0.0,0.5446623093681917
2017-11-30,0.0,0.5446623093681917,0.5446623093681917
2017-12-01,0.0,0.5446623093681917,0.5446623093681917
2017-12-05,1.0893246187363834,0.0,1.0893246187363834
2017-12-10,1.0893246187363834,0.0,1.0893246187363834
2017-12-12,0.0,0.5446623093681917,0.5446623093681917
2017-12-19,0.5446623093681917,0.0,0.5446623093681917
2019-01-15,0.5446623093681917,0.0,0.5446623093681917
2019-01-20,7.080610021786494,0.0,7.080610021786494
2019-01-21,28.86710239651416,0.0,28.86710239651416
2019-01-22,38.126361655773415,0.0,38.126361655773415
2019-01-23,2.178649237472767,0.0,2.178649237472767
2019-01-24,9.80392156862745,0.0,9.80392156862745
2019-01-25,32.67973856209151,0.0,32.67973856209151
2019-01-26,7.080610021786494,0.0,7.080610021786494
2019-01-27,14.70588235294118,0.0,14.70588235294118
2019-01-29,11.437908496732026,0.0,11.437908496732026
2019-01-30,34.313725490196084,0.0,34.313725490196084
2019-01-31,3.26797385620915,0.0,3.26797385620915
2019-02-01,26.68845315904139,0.0,26.68845315904139
2019-02-02,387.79956427015253,0.0,387.79956427015253
2019-02-03,124.18300653594771,0.0,124.18300653594771
2019-02-04,380.71895424836595,0.0,380.71895424836595
2019-02-05,80.0653594771242,0.0,80.0653594771242
2019-02-06,47.38562091503268,0.0,47.38562091503268
2019-02-07,8.169934640522877,0.0,8.169934640522877
2019-02-08,3.26797385620915,0.0,3.26797385620915
2019-02-09,4.357298474945534,0.0,4.357298474945534
2019-02-10,20.697167755991284,0.0,20.697167755991284
2019-02-11,122.00435729847493,1.0893246187363834,123.09368191721131
2019-02-12,267.97385620915037,0.0,267.97385620915037
2019-02-13,8.169934640522877,0.0,8.169934640522877
2019-02-14,13.071895424836603,0.0,13.071895424836603
2019-02-15,7.080610021786494,0.0,7.080610021786494
2019-02-16,4.357298474945534,0.0,4.357298474945534
2019-02-17,38.67102396514161,0.0,38.67102396514161
2019-02-18,57.18954248366014,1.6339869281045754,58.82352941176472
2019-02-19,35.40305010893246,0.0,35.40305010893246
2019-02-20,50.653594771241835,0.0,50.653594771241835
2019-02-21,121.45969498910672,0.0,121.45969498910672
2019-02-22,210.7843137254902,0.5446623093681917,211.32897603485839
2019-02-23,79.520697167756,0.0,79.520697167756
2019-02-24,6.5359477124183,0.0,6.5359477124183
2019-02-25,12.52723311546841,0.0,12.52723311546841
2019-02-26,35.40305010893247,0.0,35.40305010893247
2019-02-27,68.62745098039217,0.0,68.62745098039217
2019-02-28,184.64052287581697,0.0,184.64052287581697
2019-03-01,205.88235294117646,1.0893246187363834,206.97167755991285
2019-03-02,793.0283224400874,0.0,793.0283224400874
2019-03-03,133.98692810457516,0.0,133.98692810457516
2019-03-04,75.70806100217867,0.0,75.70806100217867
2019-03-05,152.5054466230937,0.0,152.5054466230937
2019-03-06,676.4705882352941,4.357298474945534,680.8278867102397
2019-03-07,554.4662309368192,0.5446623093681917,555.0108932461874
2019-03-08,177.0152505446623,1.0893246187363834,178.1045751633987
2019-03-09,180.82788671023965,0.5446623093681917,181.37254901960785
2019-03-10,95.31590413943356,0.5446623093681917,95.86056644880175
2019-03-11,389.433551198257,1.6339869281045754,391.06753812636157
2019-03-12,723.3115468409586,0.0,723.3115468409586
2019-03-13,172.6579520697168,0.5446623093681917,173.202614379085
2019-03-14,25.599128540305014,0.5446623093681917,26.143790849673206
2019-03-15,15.79520697167756,0.0,15.79520697167756
2019-03-16,21.24183006535948,0.0,21.24183006535948
2019-03-17,39.76034858387799,0.5446623093681917,40.305010893246184
2019-03-18,37.03703703703704,7.625272331154684,44.66230936819172
2019-03-19,17.429193899782135,4.357298474945534,21.78649237472767
2019-03-20,22.33115468409586,3.8126361655773415,26.143790849673202
2019-03-21,43.572984749455344,9.25925925925926,52.8322440087146
2019-03-22,15.79520697167756,8.169934640522877,23.965141612200437
2019-03-23,17.429193899782135,13.616557734204795,31.04575163398693
2019-03-24,92.59259259259257,11.982570806100219,104.57516339869278
2019-03-25,17.973856209150323,29.411764705882348,47.385620915032675
2019-03-26,29.956427015250544,25.05446623093682,55.010893246187365
2019-03-27,0.5446623093681917,0.0,0.5446623093681917
2019-03-28,2.7233115468409586,5.991285403050109,8.714596949891067
2019-03-29,4.901960784313726,8.714596949891067,13.616557734204793
2019-03-30,4.357298474945533,17.42919389978213,21.786492374727665
2019-03-31,5.446623093681917,13.616557734204791,19.063180827886708
2019-04-01,16.884531590413943,25.599128540305014,42.48366013071896
2019-04-02,11.437908496732028,34.313725490196084,45.75163398692811
2019-04-03,3.8126361655773415,11.437908496732028,15.25054466230937
2019-04-04,5.446623093681917,19.06318082788671,24.50980392156863
2019-04-05,1.0893246187363834,78.9760348583878,80.06535947712419
2019-04-06,14.161220043572987,124.18300653594771,138.3442265795207
2019-04-07,87.14596949891069,249.99999999999997,337.14596949891063
2019-04-08,8.169934640522877,191.17647058823533,199.34640522875821
2019-04-09,2.7233115468409586,358.9324618736384,361.6557734204793
2019-04-10,4.901960784313725,241.83006535947712,246.73202614379085
2019-04-11,1.6339869281045754,236.9281045751634,238.56209150326796
2019-04-12,20.697167755991288,328.9760348583878,349.6732026143791
2019-04-13,2.7233115468409586,254.35729847494554,257.08061002178647
2019-04-14,3.26797385620915,272.87581699346396,276.1437908496731
2019-04-15,1.0893246187363834,154.68409586056643,155.7734204793028
2019-04-16,2.7233115468409586,78.43137254901963,81.15468409586059
2019-04-17,18.51851851851852,155.7734204793028,174.29193899782132
2019-04-18,16.884531590413946,46.2962962962963,63.18082788671025
2019-04-19,13.071895424836603,190.0871459694989,203.1590413943355
2019-04-20,12.527233115468407,136.16557734204792,148.69281045751634
2019-04-21,46.296296296296305,108.38779956427015,154.68409586056646
2019-04-22,9.259259259259258,142.15686274509804,151.4161220043573
2019-04-23,7.080610021786492,77.88671023965144,84.96732026143793
2019-04-24,9.259259259259261,24.509803921568633,33.76906318082789
2019-04-25,0.5446623093681917,21.786492374727672,22.331154684095864
2019-04-30,12.527233115468407,16.33986928104575,28.867102396514156
2019-05-01,9.803921568627452,15.79520697167756,25.59912854030501
2019-05-02,3.812636165577342,6.5359477124183,10.348583877995642
2019-05-03,0.5446623093681917,3.8126361655773415,4.357298474945534
2019-05-04,0.5446623093681917,3.2679738562091507,3.8126361655773424
2019-05-05,0.5446623093681917,2.7233115468409586,3.2679738562091503
2019-05-06,1.6339869281045754,4.901960784313725,6.5359477124183005
2019-05-07,0.5446623093681917,12.52723311546841,13.071895424836603
2019-05-08,2.178649237472767,1.0893246187363834,3.2679738562091503
2019-05-09,1.0893246187363834,2.7233115468409586,3.812636165577342
2019-05-10,1.6339869281045754,2.7233115468409586,4.357298474945534
2019-05-11,0.0,0.5446623093681917,0.5446623093681917
2019-05-12,0.5446623093681917,3.26797385620915,3.8126361655773415
2019-05-13,1.6339869281045754,9.80392156862745,11.437908496732025
2019-05-14,1.0893246187363834,5.446623093681917,6.5359477124183005
2019-05-15,0.0,20.697167755991288,20.697167755991288
2019-05-16,1.0893246187363834,18.518518518518515,19.6078431372549
2019-05-17,0.0,10.348583877995644,10.348583877995644
2019-05-18,1.0893246187363834,8.169934640522877,9.25925925925926
2019-05-19,0.5446623093681917,9.25925925925926,9.803921568627452
2019-05-20,5.446623093681917,5.446623093681917,10.893246187363834
2019-05-21,2.178649237472767,11.982570806100219,14.161220043572985
2019-05-22,1.6339869281045754,3.26797385620915,4.901960784313725
2019-05-23,3.812636165577342,18.518518518518515,22.331154684095857
2019-05-24,0.5446623093681917,2.178649237472767,2.7233115468409586
2019-05-25,0.0,0.5446623093681917,0.5446623093681917
2019-05-26,1.6339869281045754,3.812636165577342,5.446623093681917
2019-05-27,2.178649237472767,10.34858387799564,12.527233115468407
2019-05-28,3.26797385620915,13.071895424836603,16.339869281045754
2019-05-29,1.0893246187363834,8.71459694989107,9.803921568627452
2019-05-30,2.7233115468409586,2.7233115468409586,5.446623093681917
2019-05-31,2.178649237472767,1.0893246187363834,3.2679738562091503
2019-06-02,1.6339869281045754,27.77777777777777,29.411764705882348
2019-06-03,1.0893246187363834,23.420479302832245,24.50980392156863
2019-06-04,0.5446623093681917,13.071895424836603,13.616557734204795
2019-06-05,1.6339869281045754,11.437908496732026,13.071895424836601
2019-06-06,1.0893246187363834,7.0806100217864945,8.169934640522879
2019-06-07,0.0,4.357298474945534,4.357298474945534
2019-06-08,0.5446623093681917,2.7233115468409586,3.2679738562091503
2019-06-09,0.5446623093681917,2.7233115468409586,3.2679738562091503
2019-06-10,0.5446623093681917,5.99128540305011,6.535947712418302
2019-06-11,0.0,1.6339869281045754,1.6339869281045754
2019-06-12,0.0,1.6339869281045754,1.6339869281045754
2019-06-13,0.5446623093681917,0.5446623093681917,1.0893246187363834
2019-06-14,0.0,0.5446623093681917,0.5446623093681917
2019-06-16,0.0,0.5446623093681917,0.5446623093681917
2019-06-18,0.5446623093681917,0.5446623093681917,1.0893246187363834
2019-06-20,0.0,0.5446623093681917,0.5446623093681917
2019-06-21,0.0,0.5446623093681917,0.5446623093681917
2019-06-22,0.0,1.0893246187363834,1.0893246187363834
2019-06-24,0.0,1.6339869281045754,1.6339869281045754
2019-06-25,0.0,1.0893246187363834,1.0893246187363834
2019-06-26,1.0893246187363834,0.5446623093681917,1.6339869281045751
2019-06-28,0.0,1.6339869281045754,1.6339869281045754
2019-06-29,0.0,1.6339869281045754,1.6339869281045754
2019-06-30,0.0,0.5446623093681917,0.5446623093681917
2019-07-01,0.0,3.8126361655773415,3.8126361655773415
2019-07-03,0.0,0.5446623093681917,0.5446623093681917
2019-07-05,0.0,0.5446623093681917,0.5446623093681917
2019-07-07,0.0,0.5446623093681917,0.5446623093681917
2019-07-08,0.0,1.0893246187363834,1.0893246187363834
2019-07-10,1.0893246187363834,1.0893246187363834,2.178649237472767
2019-07-11,0.5446623093681917,0.0,0.5446623093681917
2019-07-12,0.0,1.0893246187363834,1.0893246187363834
2019-07-13,0.0,0.5446623093681917,0.5446623093681917
2019-07-15,0.5446623093681917,3.26797385620915,3.8126361655773415
2019-07-16,2.178649237472767,3.8126361655773415,5.991285403050108
2019-07-17,0.5446623093681917,4.357298474945534,4.901960784313726
2019-07-18,0.5446623093681917,10.348583877995644,10.893246187363836
2019-07-19,0.0,4.901960784313725,4.901960784313725
2019-07-20,0.0,1.6339869281045754,1.6339869281045754
2019-07-21,0.5446623093681917,4.357298474945534,4.901960784313726
2019-07-22,0.0,3.2679738562091507,3.2679738562091507
2019-07-23,0.5446623093681917,10.348583877995642,10.893246187363834
2019-07-24,0.0,1.6339869281045754,1.6339869281045754
2019-07-25,0.0,1.0893246187363834,1.0893246187363834
2019-07-26,0.0,2.7233115468409586,2.7233115468409586
2019-07-29,0.0,0.5446623093681917,0.5446623093681917
2019-07-30,0.0,0.5446623093681917,0.5446623093681917
2019-07-31,0.0,0.5446623093681917,0.5446623093681917
2019-08-01,0.0,4.357298474945534,4.357298474945534
2019-08-02,0.0,2.178649237472767,2.178649237472767
2019-08-03,0.0,0.5446623093681917,0.5446623093681917
2020-01-09,0.0,1.0893246187363834,1.0893246187363834
2020-01-10,1.633986928104575,0.0,1.633986928104575
2020-01-12,0.5446623093681917,0.0,0.5446623093681917
2020-01-13,0.0,1.0893246187363834,1.0893246187363834
2020-01-14,0.0,1.0893246187363834,1.0893246187363834
2020-01-15,0.0,1.0893246187363834,1.0893246187363834
2020-01-18,0.0,0.5446623093681917,0.5446623093681917
2020-01-19,0.5446623093681917,0.0,0.5446623093681917
2020-01-23,0.5446623093681917,0.0,0.5446623093681917
2020-01-24,0.5446623093681917,0.0,0.5446623093681917
2020-01-25,1.6339869281045754,0.0,1.6339869281045754
2020-01-26,1.0893246187363834,0.5446623093681917,1.6339869281045751
2020-01-27,2.7233115468409586,0.0,2.7233115468409586
2020-01-28,7.625272331154684,0.0,7.625272331154684
2020-01-29,114.92374727668847,0.0,114.92374727668847
2020-01-30,104.5751633986928,0.5446623093681917,105.11982570806099
2020-01-31,8.169934640522877,0.0,8.169934640522877
2020-02-01,8.169934640522877,0.0,8.169934640522877
2020-02-02,39.21568627450981,0.0,39.21568627450981
2020-02-03,31.59041394335512,0.0,31.59041394335512
2020-02-04,193.89978213507626,0.0,193.89978213507626
2020-02-05,297.3856209150327,0.0,297.3856209150327
2020-02-06,10.893246187363834,0.5446623093681917,11.437908496732026
2020-02-07,2.178649237472767,0.0,2.178649237472767
2020-02-08,1.6339869281045754,0.0,1.6339869281045754
2020-02-09,4.901960784313725,0.0,4.901960784313725
2020-02-10,7.080610021786492,0.5446623093681917,7.625272331154683
2020-02-11,15.250544662309368,0.5446623093681917,15.79520697167756
2020-02-12,254.35729847494554,0.0,254.35729847494554
2020-02-13,17.97385620915033,0.0,17.97385620915033
2020-02-14,23.420479302832245,0.0,23.420479302832245
2020-02-15,10.348583877995642,0.0,10.348583877995642
2020-02-16,4.901960784313725,0.0,4.901960784313725
2020-02-17,12.52723311546841,0.0,12.52723311546841
2020-02-18,24.509803921568622,0.0,24.509803921568622
2020-02-19,246.18736383442263,0.0,246.18736383442263
2020-02-20,277.7777777777778,2.178649237472767,279.9564270152506
2020-02-21,11.437908496732028,0.0,11.437908496732028
2020-02-22,35.40305010893247,0.0,35.40305010893247
2020-02-23,2.7233115468409586,0.0,2.7233115468409586
2020-02-24,198.2570806100218,0.0,198.2570806100218
2020-02-25,49.01960784313726,0.5446623093681917,49.56427015250545
2020-02-26,58.278867102396525,0.0,58.278867102396525
2020-02-27,147.0588235294118,0.5446623093681917,147.60348583878
2020-02-28,128.54030501089323,0.0,128.54030501089323
2020-03-01,63.18082788671024,0.5446623093681917,63.72549019607843
2020-03-02,179.19389978213508,1.0893246187363834,180.28322440087146
2020-03-03,451.52505446623087,1.6339869281045754,453.1590413943354
2020-03-04,157.40740740740742,0.0,157.40740740740742
2020-03-05,220.58823529411768,0.0,220.58823529411768
2020-03-06,55.555555555555564,0.5446623093681917,56.100217864923756
2020-03-07,125.81699346405229,2.178649237472767,127.99564270152506
2020-03-08,684.0958605664488,1.0893246187363834,685.1851851851851
2020-03-09,347.49455337690625,0.5446623093681917,348.0392156862744
2020-03-10,375.272331154684,2.178649237472767,377.4509803921568
2020-03-11,135.07625272331154,1.0893246187363834,136.16557734204792
2020-03-12,123.63834422657952,0.5446623093681917,124.18300653594771
2020-03-13,28.322440087145967,0.0,28.322440087145967
2020-03-14,44.11764705882353,0.0,44.11764705882353
2020-03-15,111.65577342047932,0.5446623093681917,112.20043572984751
2020-03-16,28.322440087145974,1.0893246187363834,29.41176470588236
2020-03-17,7.625272331154683,1.0893246187363834,8.714596949891067
2020-03-18,13.071895424836603,0.0,13.071895424836603
2020-03-19,20.152505446623092,0.0,20.152505446623092
2020-03-20,19.6078431372549,0.5446623093681917,20.152505446623092
2020-03-21,8.714596949891067,2.7233115468409586,11.437908496732026
2020-03-22,17.973856209150327,5.446623093681917,23.420479302832245
2020-03-23,94.77124183006534,0.0,94.77124183006534
2020-03-24,7.080610021786491,0.0,7.080610021786491
2020-03-25,31.045751633986935,1.0893246187363834,32.135076252723316
2020-03-26,8.169934640522877,1.6339869281045754,9.803921568627452
2020-03-28,0.0,0.5446623093681917,0.5446623093681917
2020-03-29,4.357298474945533,7.625272331154684,11.982570806100217
2020-03-30,20.697167755991284,11.982570806100219,32.6797385620915
2020-03-31,51.74291938997822,4.901960784313725,56.64488017429194
2020-04-01,3.26797385620915,0.5446623093681917,3.8126361655773415
2020-04-02,1.6339869281045754,10.348583877995644,11.982570806100219
2020-04-03,1.0893246187363834,5.446623093681917,6.5359477124183005
2020-04-04,2.7233115468409586,1.0893246187363834,3.812636165577342
2020-04-05,1.0893246187363834,3.26797385620915,4.357298474945534
2020-04-06,5.446623093681917,17.429193899782135,22.875816993464053
2020-04-07,5.446623093681917,4.357298474945534,9.803921568627452
2020-04-08,2.7233115468409586,0.0,2.7233115468409586
2020-04-09,3.8126361655773415,7.080610021786494,10.893246187363836
2020-04-10,3.26797385620915,9.259259259259258,12.527233115468407
2020-04-11,8.169934640522877,22.331154684095864,30.50108932461874
2020-04-12,3.26797385620915,6.5359477124183,9.80392156862745
2020-04-13,33.769063180827885,22.875816993464053,56.64488017429194
2020-04-14,149.23747276688457,379.08496732026146,528.322440087146
2020-04-15,69.17211328976035,141.61220043572982,210.78431372549016
2020-04-16,17.973856209150323,62.63616557734206,80.61002178649238
2020-04-17,20.697167755991288,59.9128540305011,80.61002178649238
2020-04-18,14.161220043572987,331.15468409586055,345.31590413943354
2020-04-19,39.76034858387799,168.84531590413948,208.60566448801748
2020-04-20,50.653594771241835,243.4640522875817,294.11764705882354
2020-04-21,31.59041394335512,29.41176470588235,61.00217864923747
2020-04-22,13.0718954248366,121.45969498910677,134.53159041394338
2020-04-23,75.16339869281045,301.7429193899782,376.9063180827887
2020-04-24,38.671023965141615,276.6884531590414,315.359477124183
2020-04-25,20.152505446623096,489.1067538126362,509.2592592592593
2020-04-26,19.06318082788671,280.5010893246187,299.5642701525054
2020-04-27,125.8169934640523,282.1350762527233,407.9520697167756
2020-04-28,63.72549019607843,184.0958605664488,247.82135076252723
2020-04-29,46.84095860566449,445.5337690631809,492.37472766884537
2020-04-30,44.117647058823536,165.5773420479303,209.69498910675384
2020-05-01,15.250544662309368,123.63834422657952,138.88888888888889
2020-05-02,9.80392156862745,84.42265795206973,94.22657952069717
2020-05-03,2.7233115468409586,19.6078431372549,22.331154684095857
2020-05-04,7.625272331154686,26.143790849673206,33.76906318082789
2020-05-05,1.6339869281045754,19.063180827886715,20.69716775599129
2020-05-06,1.6339869281045754,22.875816993464053,24.50980392156863
2020-05-07,10.348583877995642,22.875816993464053,33.22440087145969
2020-05-08,2.178649237472767,7.625272331154684,9.803921568627452
2020-05-09,2.178649237472767,13.071895424836603,15.25054466230937
2020-05-10,19.607843137254903,14.705882352941174,34.31372549019608
2020-05-11,52.28758169934642,11.982570806100219,64.27015250544663
2020-05-12,11.437908496732028,2.7233115468409586,14.161220043572987
2020-05-13,6.5359477124183,4.901960784313726,11.437908496732025
2020-05-14,9.803921568627452,5.9912854030501075,15.795206971677558
2020-05-15,2.7233115468409586,2.7233115468409586,5.446623093681917
2020-05-16,1.6339869281045754,7.080610021786492,8.714596949891067
2020-05-17,4.901960784313725,27.23311546840959,32.135076252723316
2020-05-18,7.625272331154683,1.6339869281045754,9.259259259259258
2020-05-19,5.446623093681917,2.7233115468409586,8.169934640522875
2020-05-20,5.991285403050109,6.535947712418301,12.52723311546841
2020-05-21,0.0,1.6339869281045754,1.6339869281045754
2020-05-22,0.5446623093681917,2.178649237472767,2.7233115468409586
2020-05-23,0.5446623093681917,1.0893246187363834,1.6339869281045751
2020-05-24,2.178649237472767,0.0,2.178649237472767
2020-05-25,4.901960784313725,1.6339869281045754,6.5359477124183005
2020-05-26,4.357298474945533,0.5446623093681917,4.901960784313724
2020-05-27,1.6339869281045754,0.5446623093681917,2.178649237472767
2020-05-28,0.0,1.6339869281045754,1.6339869281045754
2020-05-29,0.0,0.5446623093681917,0.5446623093681917
2020-05-30,0.0,0.5446623093681917,0.5446623093681917
2020-05-31,0.0,0.5446623093681917,0.5446623093681917
2020-06-01,2.178649237472767,1.6339869281045754,3.8126361655773424
2020-06-02,0.0,1.0893246187363834,1.0893246187363834
2020-06-03,0.0,1.0893246187363834,1.0893246187363834
2020-06-04,0.0,3.26797385620915,3.26797385620915
2020-06-05,0.5446623093681917,4.357298474945534,4.901960784313726
2020-06-06,1.0893246187363834,2.7233115468409586,3.812636165577342
2020-06-07,0.0,0.5446623093681917,0.5446623093681917
2020-06-08,4.901960784313725,4.357298474945533,9.259259259259258
2020-06-09,4.901960784313725,7.080610021786492,11.982570806100217
2020-06-10,0.5446623093681917,0.5446623093681917,1.0893246187363834
2020-06-11,0.5446623093681917,3.812636165577342,4.357298474945534
2020-06-12,2.178649237472767,9.80392156862745,11.982570806100217
2020-06-13,2.7233115468409586,3.8126361655773415,6.5359477124183005
2020-06-14,0.5446623093681917,0.5446623093681917,1.0893246187363834
2020-06-15,0.5446623093681917,0.0,0.5446623093681917
2020-06-16,0.0,1.0893246187363834,1.0893246187363834
2020-06-17,0.0,1.0893246187363834,1.0893246187363834
2020-06-18,0.0,0.5446623093681917,0.5446623093681917
2020-06-19,0.0,1.0893246187363834,1.0893246187363834
2020-06-20,1.0893246187363834,1.0893246187363834,2.178649237472767
2020-06-21,0.0,2.178649237472767,2.178649237472767
2020-06-22,0.5446623093681917,3.8126361655773415,4.357298474945534
2020-06-23,0.0,0.5446623093681917,0.5446623093681917
2020-06-24,1.0893246187363834,2.7233115468409586,3.812636165577342
2020-06-25,0.5446623093681917,3.26797385620915,3.8126361655773415
2020-06-27,0.0,0.5446623093681917,0.5446623093681917
2020-06-29,0.5446623093681917,5.446623093681917,5.991285403050108
2020-06-30,0.5446623093681917,0.5446623093681917,1.0893246187363834
2020-07-01,0.5446623093681917,0.0,0.5446623093681917
2020-07-02,0.0,2.178649237472767,2.178649237472767
2020-07-03,0.0,1.0893246187363834,1.0893246187363834
2020-07-04,0.0,0.5446623093681917,0.5446623093681917
2020-07-05,0.0,1.0893246187363834,1.0893246187363834
2020-07-06,2.178649237472767,4.901960784313725,7.080610021786492
2020-07-07,0.5446623093681917,0.0,0.5446623093681917
2020-07-08,0.0,1.6339869281045754,1.6339869281045754
2020-07-09,0.0,1.0893246187363834,1.0893246187363834
2020-07-10,0.0,1.6339869281045754,1.6339869281045754
2020-07-11,0.0,0.5446623093681917,0.5446623093681917
2020-07-12,0.0,0.5446623093681917,0.5446623093681917
2020-07-13,0.0,1.6339869281045754,1.6339869281045754
2020-07-14,0.0,1.6339869281045754,1.6339869281045754
2020-07-15,0.5446623093681917,1.6339869281045754,2.178649237472767
2020-07-16,0.0,1.0893246187363834,1.0893246187363834
2020-07-17,0.0,1.6339869281045754,1.6339869281045754
2020-07-18,0.5446623093681917,0.0,0.5446623093681917
2020-07-20,0.0,0.5446623093681917,0.5446623093681917
2020-07-21,0.0,1.0893246187363834,1.0893246187363834
2020-07-22,0.0,1.0893246187363834,1.0893246187363834
2020-07-23,0.0,5.446623093681917,5.446623093681917
2020-07-24,0.0,1.6339869281045754,1.6339869281045754
2020-07-25,0.0,1.6339869281045754,1.6339869281045754
2020-07-26,0.0,1.6339869281045754,1.6339869281045754
2020-07-27,0.0,5.446623093681917,5.446623093681917
2020-07-28,0.0,2.7233115468409586,2.7233115468409586
2020-07-30,0.0,1.0893246187363834,1.0893246187363834
2020-07-31,0.0,0.5446623093681917,0.5446623093681917
2020-08-01,0.0,0.5446623093681917,0.5446623093681917
2020-08-02,0.0,2.178649237472767,2.178649237472767
2020-08-03,0.0,13.071895424836603,13.071895424836603
2020-08-04,0.0,3.26797385620915,3.26797385620915
2020-08-05,0.0,2.7233115468409586,2.7233115468409586
2020-08-06,0.0,1.6339869281045754,1.6339869281045754
2020-08-10,0.0,25.05446623093682,25.05446623093682
2020-08-11,1.0893246187363834,15.250544662309371,16.339869281045754
2020-08-12,0.0,2.178649237472767,2.178649237472767
2020-08-16,0.0,0.5446623093681917,0.5446623093681917
2020-08-17,0.0,1.6339869281045754,1.6339869281045754
2020-08-18,1.0893246187363834,2.7233115468409586,3.812636165577342
2020-08-19,0.5446623093681917,2.178649237472767,2.7233115468409586
2020-08-22,0.0,0.5446623093681917,0.5446623093681917
2020-08-24,0.0,1.6339869281045754,1.6339869281045754
2020-08-25,0.0,1.0893246187363834,1.0893246187363834
2020-08-26,0.0,0.5446623093681917,0.5446623093681917
2020-08-29,0.0,0.5446623093681917,0.5446623093681917
2020-08-31,0.0,3.812636165577342,3.812636165577342
2020-09-02,0.0,1.0893246187363834,1.0893246187363834
2020-09-03,0.0,0.5446623093681917,0.5446623093681917
2020-09-04,0.0,0.5446623093681917,0.5446623093681917
2020-09-07,0.0,1.0893246187363834,1.0893246187363834
2020-09-14,0.0,0.5446623093681917,0.5446623093681917
2020-09-15,0.0,0.5446623093681917,0.5446623093681917
2020-09-19,0.0,0.5446623093681917,0.5446623093681917
2020-09-21,0.0,0.5446623093681917,0.5446623093681917
2020-09-25,0.0,0.5446623093681917,0.5446623093681917
2020-09-26,0.5446623093681917,0.0,0.5446623093681917
2020-09-28,0.0,0.5446623093681917,0.5446623093681917
2020-10-08,1.0893246187363834,0.0,1.0893246187363834
2020-10-12,3.26797385620915,0.0,3.26797385620915
2020-10-13,0.5446623093681917,0.0,0.5446623093681917
2020-10-15,0.5446623093681917,0.0,0.5446623093681917
2020-10-16,1.0893246187363834,0.5446623093681917,1.6339869281045751
2020-10-20,0.5446623093681917,0.0,0.5446623093681917
2020-10-25,0.0,0.5446623093681917,0.5446623093681917
2020-10-26,0.5446623093681917,1.0893246187363834,1.6339869281045751
2020-10-27,0.5446623093681917,1.0893246187363834,1.6339869281045751
2020-10-30,1.0893246187363834,0.0,1.0893246187363834
2020-11-02,0.0,0.5446623093681917,0.5446623093681917
2020-11-06,0.0,0.5446623093681917,0.5446623093681917
2020-11-21,0.0,0.5446623093681917,0.5446623093681917
2020-11-22,0.0,5.446623093681918,5.446623093681918
2020-11-25,0.0,4.357298474945533,4.357298474945533
2020-11-29,1.633986928104575,0.5446623093681917,2.178649237472767
2020-12-05,0.0,0.5446623093681917,0.5446623093681917
2020-12-13,0.0,1.0893246187363834,1.0893246187363834
2020-12-14,0.5446623093681917,0.0,0.5446623093681917
2020-12-15,1.0893246187363834,1.6339869281045754,2.723311546840959
2020-12-16,0.0,0.5446623093681917,0.5446623093681917
2020-12-17,0.0,1.0893246187363834,1.0893246187363834
2020-12-20,2.178649237472767,0.0,2.178649237472767
2020-12-21,1.0893246187363834,0.0,1.0893246187363834
2020-12-22,3.8126361655773415,4.357298474945533,8.169934640522875
2020-12-23,3.26797385620915,3.812636165577342,7.080610021786492
2020-12-24,2.178649237472767,0.5446623093681917,2.7233115468409586
2020-12-25,13.0718954248366,0.0,13.0718954248366
2020-12-26,5.446623093681917,0.0,5.446623093681917
2020-12-27,23.420479302832245,0.0,23.420479302832245
2020-12-28,10.348583877995642,0.0,10.348583877995642
2021-03-01,124.667150810942,0.0,124.667150810942
2021-03-02,131.324134592108,0.0,131.324134592108
2021-03-03,58.0973129992738,1.21036068748487,59.30767368675867
2021-03-04,110.142822561123,0.0,110.142822561123
2021-03-05,140.401839748245,0.0,140.401839748245
2021-03-06,306.221253933672,0.0,306.221253933672
2021-03-07,55.676591624304,2.42072137496974,58.09731299927374
2021-03-08,5.44662309368192,0.0,5.44662309368192
2021-03-09,141.007020091987,1.81554103122731,142.82256112321429
2021-03-10,318.930041152263,0.605180343742435,319.5352214960055
2021-03-11,199.104333091261,0.0,199.104333091261
2021-03-12,45.3885257806826,1.21036068748487,46.59888646816747
2021-03-13,275.357056402808,0.0,275.357056402808
2021-03-14,156.741709029291,1.21036068748487,157.95206971677587
2021-03-15,1271.48390220286,2.42072137496974,1273.9046235778299
2021-03-16,259.622367465505,0.0,259.622367465505
2021-03-17,82.9097070927136,1.21036068748487,84.12006778019847
2021-03-18,78.0682643427741,0.0,78.0682643427741
2021-03-19,380.658436213992,0.0,380.658436213992
2021-03-20,72.0164609053498,0.0,72.0164609053498
2021-03-21,66.5698378116679,0.0,66.5698378116679
2021-03-22,219.680464778504,1.81554103122731,221.4960058097313
2021-03-23,33.2849189058339,1.21036068748487,34.49527959331877
2021-03-24,50.2299685306221,0.605180343742435,50.835148874364535
2021-03-25,21.7864923747277,0.0,21.7864923747277
2021-03-26,49.0196078431372,0.605180343742435,49.624788186879634
2021-03-27,153.110626966836,0.0,153.110626966836
2021-03-28,77.4630839990317,0.605180343742435,78.06826434277413
2021-03-29,702.614379084967,1.81554103122731,704.4299201161944
2021-03-30,168.240135560397,1.21036068748487,169.45049624788186
2021-03-31,183.9748244977,0.605180343742435,184.58000484144245
2021-04-01,121.641249092229,1.81554103122731,123.45679012345632
2021-04-02,75.6475429678044,4.23626240619705,79.88380537400145
2021-04-03,113.168724279835,8.47252481239409,121.64124909222909
2021-04-04,93.197772936335,7.26216412490922,100.45993706124422
2021-04-05,77.4630839990317,4.23626240619705,81.69934640522875
2021-04-06,12.7087872185911,19.3657709997579,32.074558218349
2021-04-07,115.589445654805,28.4434761558945,144.03292181069952
2021-04-08,128.903413217139,10.8932461873638,139.7966594045028
2021-04-09,7.26216412490922,4.23626240619705,11.49842653110627
2021-04-10,7.26216412490922,2.42072137496974,9.68288549987896
2021-04-11,6.05180343742435,5.44662309368192,11.498426531106269
2021-04-12,62.9387557492133,38.1263616557734,101.0651174049867
2021-04-13,65.9646574679254,90.1718712176228,156.1365286855482
2021-04-14,24.2072137496974,64.7542967804406,88.961510530138
2021-04-15,58.0973129992738,36.9160009682886,95.0133139675624
2021-04-16,52.0455095618494,17.5502299685306,69.59573953038
2021-04-17,19.9709513435004,82.3045267489712,102.2754780924716
2021-04-18,12.7087872185911,134.350036310821,147.0588235294121
2021-04-19,6.05180343742435,39.3367223432583,45.38852578068265
2021-04-20,8.47252481239409,24.8123940934398,33.28491890583389
2021-04-21,1.21036068748487,41.1522633744856,42.36262406197047
2021-04-22,4.23626240619705,66.5698378116679,70.80610021786495
2021-04-23,2.42072137496974,154.320987654321,156.74170902929072
2021-04-24,5.44662309368192,182.764463810215,188.21108690389693
2021-04-25,7.26216412490922,131.929314935851,139.19147906076023
2021-04-26,21.7864923747277,147.058823529412,168.84531590413968
2021-04-27,26.6279351246672,268.094892277899,294.7228274025662
2021-04-28,47.8092471556524,236.02033405955,283.82958121520244
2021-04-29,56.8869523117889,324.376664245945,381.2636165577339
2021-04-30,44.7833454369402,513.192931493585,557.9762769305252
2021-05-01,41.757443718228,305.61607358993,347.373517308158
2021-05-02,52.6506899055919,378.237714839022,430.88840474461387
2021-05-03,12.1036068748487,196.078431372549,208.1820382473977
2021-05-04,0.0,25.4175744371823,25.4175744371823
2021-05-05,22.9968530622125,46.5988864681675,69.59573953038
2021-05-06,12.1036068748487,63.5439360929557,75.6475429678044
2021-05-07,8.47252481239409,27.838295812152,36.31082062454609
2021-05-08,2.42072137496974,46.5988864681675,49.01960784313724
2021-05-09,15.1295085935609,16.9450496247882,32.0745582183491
2021-05-10,15.1295085935609,9.07770515613653,24.20721374969743
2021-05-11,6.05180343742435,17.5502299685306,23.602033405954952
2021-05-12,5.44662309368192,12.1036068748487,17.55022996853062
2021-05-13,1.81554103122731,13.3139675623336,15.12950859356091
2021-05-14,10.8932461873638,31.4693778746066,42.3626240619704
2021-05-15,18.1554103122731,62.3335754054708,80.4889857177439
2021-05-16,3.63108206245461,25.4175744371823,29.04865649963691
2021-05-17,4.23626240619705,41.1522633744856,45.38852578068265
2021-05-18,9.68288549987896,32.0745582183491,41.75744371822806
2021-05-19,4.84144274993948,23.602033405955,28.44347615589448
2021-05-20,6.65698378116679,9.68288549987896,16.33986928104575
2021-05-21,3.02590171871218,10.2880658436214,13.31396756233358
2021-05-22,1.81554103122731,15.1295085935609,16.945049624788208
2021-05-23,1.21036068748487,10.8932461873638,12.103606874848671
2021-05-24,0.0,9.68288549987896,9.68288549987896
2021-05-25,0.605180343742435,0.605180343742435,1.21036068748487
2021-05-26,1.81554103122731,4.84144274993948,6.65698378116679
2021-05-27,9.07770515613653,7.26216412490922,16.33986928104575
2021-05-28,0.605180343742435,1.81554103122731,2.420721374969745
2021-05-31,0.0,2.42072137496974,2.42072137496974
2021-06-01,2.42072137496974,8.47252481239409,10.893246187363829
2021-06-02,0.605180343742435,6.05180343742435,6.656983781166785
2021-06-03,0.0,4.84144274993948,4.84144274993948
2021-06-04,0.0,4.23626240619705,4.23626240619705
2021-06-05,0.0,2.42072137496974,2.42072137496974
2021-06-06,1.21036068748487,1.21036068748487,2.42072137496974
2021-06-07,1.81554103122731,3.02590171871218,4.84144274993949
2021-06-08,0.605180343742435,1.81554103122731,2.420721374969745
2021-06-09,0.605180343742435,0.0,0.605180343742435
2021-06-10,1.21036068748487,0.605180343742435,1.815541031227305
2021-06-11,0.0,1.81554103122731,1.81554103122731
2021-06-13,0.605180343742435,0.0,0.605180343742435
2021-06-14,1.21036068748487,3.63108206245461,4.84144274993948
2021-06-15,0.605180343742435,4.84144274993948,5.446623093681915
2021-06-16,0.605180343742435,4.84144274993948,5.446623093681915
2021-06-17,0.0,4.23626240619705,4.23626240619705
2021-06-18,0.0,3.02590171871218,3.02590171871218
2021-06-20,0.0,0.605180343742435,0.605180343742435
2021-06-21,1.21036068748487,12.1036068748487,13.31396756233357
2021-06-22,1.81554103122731,16.3398692810457,18.15541031227301
2021-06-23,1.81554103122731,2.42072137496974,4.23626240619705
2021-06-24,0.0,4.84144274993948,4.84144274993948
2021-06-25,0.605180343742435,2.42072137496974,3.0259017187121753
2021-06-26,0.0,1.81554103122731,1.81554103122731
2021-06-27,0.0,0.605180343742435,0.605180343742435
2021-06-28,0.605180343742435,1.21036068748487,1.815541031227305
2021-06-29,0.0,1.21036068748487,1.21036068748487
2021-06-30,0.0,0.605180343742435,0.605180343742435
2021-07-01,0.0,1.21036068748487,1.21036068748487
2021-07-02,0.605180343742435,0.605180343742435,1.21036068748487
2021-07-05,0.605180343742435,2.42072137496974,3.0259017187121753
2021-07-06,0.605180343742435,1.21036068748487,1.815541031227305
2021-07-07,0.0,0.605180343742435,0.605180343742435
2021-07-10,0.0,2.42072137496974,2.42072137496974
2021-07-11,0.0,1.21036068748487,1.21036068748487
2021-07-12,0.0,1.21036068748487,1.21036068748487
2021-07-14,0.0,1.21036068748487,1.21036068748487
2021-07-16,0.0,0.605180343742435,0.605180343742435
2021-07-17,0.0,1.21036068748487,1.21036068748487
2021-07-20,0.605180343742435,1.21036068748487,1.815541031227305
2021-07-21,0.0,2.42072137496974,2.42072137496974
2021-07-23,0.0,0.605180343742435,0.605180343742435
2021-07-24,0.0,5.44662309368192,5.44662309368192
2021-07-26,0.0,3.02590171871218,3.02590171871218
2021-07-27,0.0,1.81554103122731,1.81554103122731
2021-07-30,0.0,0.605180343742435,0.605180343742435
2021-07-31,0.0,0.605180343742435,0.605180343742435
2021-08-06,0.0,0.605180343742435,0.605180343742435
2021-08-09,0.0,1.21036068748487,1.21036068748487
2021-08-11,0.605180343742435,0.605180343742435,1.21036068748487
2021-08-12,0.605180343742435,0.0,0.605180343742435
2021-08-13,0.0,1.21036068748487,1.21036068748487
2021-08-14,0.0,1.81554103122731,1.81554103122731
2021-08-15,0.0,0.605180343742435,0.605180343742435
2021-08-16,0.0,7.26216412490922,7.26216412490922
2021-08-17,0.0,13.3139675623336,13.3139675623336
2021-08-18,0.0,9.68288549987896,9.68288549987896
2021-08-19,0.0,3.02590171871218,3.02590171871218
2021-08-20,0.0,6.05180343742435,6.05180343742435
2021-08-21,0.0,4.84144274993948,4.84144274993948
2021-08-23,0.0,1.21036068748487,1.21036068748487
2021-08-24,0.0,1.21036068748487,1.21036068748487
2021-08-31,0.0,1.21036068748487,1.21036068748487
2021-09-02,0.0,0.605180343742435,0.605180343742435
2021-09-03,0.605180343742435,0.0,0.605180343742435
2021-09-05,0.605180343742435,0.0,0.605180343742435
2021-09-06,0.0,0.605180343742435,0.605180343742435
2021-09-14,0.0,0.605180343742435,0.605180343742435
2021-09-18,0.0,0.605180343742435,0.605180343742435
2021-10-04,1.28155837498398,0.64077918749199,1.92233756247597
2021-10-06,0.0,0.64077918749199,0.64077918749199
2021-10-07,0.0,0.64077918749199,0.64077918749199
2021-10-08,0.64077918749199,0.0,0.64077918749199
2021-10-11,0.64077918749199,0.0,0.64077918749199
2021-10-12,1.92233756247597,0.0,1.92233756247597
2021-10-17,0.64077918749199,0.64077918749199,1.28155837498398
2021-10-18,0.0,0.64077918749199,0.64077918749199
2021-10-19,0.64077918749199,0.0,0.64077918749199
2021-10-20,0.0,0.64077918749199,0.64077918749199
2021-10-21,3.84467512495194,0.64077918749199,4.48545431244393
2021-10-22,1.28155837498398,0.64077918749199,1.92233756247597
2021-10-23,1.28155837498398,0.0,1.28155837498398
2021-10-24,14.0971421248238,0.0,14.0971421248238
2021-10-25,4.48545431244393,1.28155837498398,5.76701268742791
2021-10-26,2.56311674996796,0.0,2.56311674996796
2021-10-30,0.64077918749199,0.0,0.64077918749199
2021-10-31,1.92233756247597,0.0,1.92233756247597
2021-11-01,1.28155837498398,0.0,1.28155837498398
2021-11-02,0.64077918749199,0.0,0.64077918749199
2021-11-03,1.28155837498398,0.0,1.28155837498398
2021-11-04,0.0,1.28155837498398,1.28155837498398
2021-11-06,1.28155837498398,0.0,1.28155837498398
2021-11-07,0.64077918749199,0.0,0.64077918749199
2021-11-08,30.7574009996155,0.0,30.7574009996155
2021-11-10,0.0,0.64077918749199,0.64077918749199
2021-11-11,1.28155837498398,0.0,1.28155837498398
2021-11-13,0.64077918749199,0.0,0.64077918749199
2021-11-15,0.0,0.64077918749199,0.64077918749199
2021-11-16,0.0,0.64077918749199,0.64077918749199
2021-11-19,4.48545431244393,0.0,4.48545431244393
2021-11-22,0.0,3.20389593745995,3.20389593745995
2021-11-24,0.64077918749199,2.56311674996796,3.2038959374599503
2021-11-27,0.0,1.28155837498398,1.28155837498398
2021-11-29,1.28155837498398,0.0,1.28155837498398
2021-11-30,0.64077918749199,0.0,0.64077918749199
2021-12-02,0.0,0.64077918749199,0.64077918749199
2021-12-04,0.0,6.4077918749199,6.4077918749199
2021-12-05,0.0,1.28155837498398,1.28155837498398
2021-12-07,0.0,1.28155837498398,1.28155837498398
2021-12-11,0.64077918749199,0.0,0.64077918749199
2021-12-12,0.0,0.64077918749199,0.64077918749199
2021-12-15,1.92233756247597,0.0,1.92233756247597
2021-12-19,0.64077918749199,0.0,0.64077918749199
2021-12-25,0.0,0.64077918749199,0.64077918749199
2021-12-29,3.20389593745995,0.0,3.20389593745995
2021-12-30,3.84467512495194,0.0,3.84467512495194
2021-12-31,9.61168781237985,0.0,9.61168781237985
2022-01-01,10.2524669998718,0.0,10.2524669998718
2022-01-02,28.1942842496476,0.64077918749199,28.83506343713959
2022-01-03,0.64077918749199,0.0,0.64077918749199
2022-03-28,32.6797385620915,6.4077918749199,39.0875304370114
2022-03-29,23.7088299372036,7.04857106241189,30.75740099961549
2022-03-30,7.04857106241189,0.64077918749199,7.68935024990388
2022-03-31,25.6311674996796,0.0,25.6311674996796
2022-04-01,35.8836344995515,2.56311674996796,38.44675124951946
2022-04-02,2.56311674996796,0.64077918749199,3.2038959374599503
2022-04-03,1.28155837498398,0.64077918749199,1.92233756247597
2022-04-04,7.68935025,12.17480456,19.864154810000002
2022-04-05,1.281558375,10.89324619,12.174804564999999
2022-04-06,7.048571062,12.81558375,19.864154812
2022-04-07,1.922337562,12.81558375,14.737921312000001
2022-04-08,7.048571062,10.252467,17.301038062
2022-04-09,8.330129437,18.58259644,26.912725877
2022-04-10,1.922337562,10.252467,12.174804561999998
2022-04-11,8.33012943739587,8.33012943739587,16.66025887479174
2022-04-12,1.92233756247597,8.33012943739587,10.25246699987184
2022-04-13,6.4077918749199,7.04857106241189,13.45636293733179
2022-04-14,5.12623349993592,16.0194796872998,21.14571318723572
2022-04-15,33.3205177495835,92.2722029988466,125.5927207484301
2022-04-16,14.0971421248238,159.554017685506,173.6511598103298
2022-04-17,0.64077918749199,123.670383185954,124.31116237344598
2022-04-18,1.92233756247597,55.1070101243112,57.02934768678717
2022-04-19,1.92233756247597,47.4176598744073,49.339997436883266
2022-04-20,0.0,50.6215558118672,50.6215558118672
2022-04-21,14.7379213123158,327.438164808407,342.1760861207228
2022-04-22,8.97090862488786,424.195822119698,433.16673074458583
2022-04-23,10.2524669998718,504.933999743688,515.1864667435598
2022-04-24,23.0680507497116,611.944124054851,635.0121748045626
2022-04-25,87.7867486864026,658.080225554274,745.8669742406765
2022-04-26,73.6896065615789,706.779443803664,780.4690503652429
2022-04-27,59.592464436755,296.0399846213,355.632449058055
2022-04-28,5.76701268742792,133.922850185826,139.68986287325393
2022-04-29,2.56311674996796,80.7381776239908,83.30129437395875
2022-04-30,2.56311674996796,100.602332436242,103.16544918620995
2022-05-01,14.0971421248238,42.2914263744714,56.3885684992952
2022-05-02,12.8155837498398,4.48545431244393,17.30103806228373
2022-05-03,8.33012943739587,26.9127258746636,35.24285531205947
2022-05-04,1.92233756247597,8.97090862488786,10.89324618736383
2022-05-05,1.28155837498398,24.3496091246956,25.63116749967958
2022-05-06,15.3787004998078,19.8641548122517,35.242855312059504
2022-05-07,7.04857106241189,5.76701268742791,12.8155837498398
2022-05-08,2.56311674996796,1.28155837498398,3.84467512495194
2022-05-09,0.640779187,7.68935025,8.330129437
2022-05-10,20.504934,16.66025887,37.16519287
2022-05-11,8.330129437,5.767012687,14.097142124000001
2022-05-12,1.922337562,0.640779187,2.563116749
2022-05-13,4.485454312,3.844675125,8.330129437
2022-05-14,3.203895937,3.203895937,6.407791874
2022-05-15,0.640779187,16.01947969,16.660258877
2022-05-16,26.2719466871716,12.8155837498398,39.087530437011395
2022-05-17,8.33012943739587,10.2524669998718,18.582596437267668
2022-05-18,5.76701268742791,8.97090862488786,14.73792131231577
2022-05-19,6.4077918749199,3.84467512495194,10.252466999871839
2022-05-20,0.64077918749199,10.8932461873638,11.53402537485579
2022-05-21,1.28155837498398,7.04857106241189,8.33012943739587
2022-05-22,1.28155837498398,1.28155837498398,2.56311674996796
2022-05-23,7.048571062,5.767012687,12.815583749
2022-05-24,5.767012687,7.048571062,12.815583749
2022-05-25,5.1262335,3.844675125,8.970908625
2022-05-26,1.922337562,2.56311675,4.485454312
2022-05-27,6.407791875,0.0,6.407791875
2022-05-28,2.56311675,0.0,2.56311675
2022-05-29,2.33426704,2.33426704,4.66853408
2022-05-30,0.778089013,0.778089013,1.556178026
2022-05-31,2.33426704,2.33426704,4.66853408
2022-06-01,0.778089013,1.556178027,2.3342670400000003
2022-06-03,1.556178027,0.0,1.556178027
2022-06-04,0.778089013,0.0,0.778089013
2022-06-05,0.778089013,0.778089013,1.556178026
2022-06-06,2.33426704,178.1823841,180.51665114
2022-06-07,1.556178027,69.24992219,70.80610021700001
2022-06-08,0.778089013,11.6713352,12.449424213
2022-06-09,0.778089013,2.33426704,3.112356053
2022-06-10,0.0,0.778089013,0.778089013
2022-06-11,0.778089013,6.224712107,7.00280112
2022-06-12,3.112356054,3.890445067,7.002801121
2022-06-13,0.0,1.556178027,1.556178027
2022-06-14,2.33426704,5.446623094,7.780890134
2022-06-15,0.778089013,11.6713352,12.449424213
2022-06-16,0.0,2.33426704,2.33426704
2022-06-17,0.778089013,6.224712107,7.00280112
2022-06-20,1.33386688,8.003201281,9.337068161000001
2022-06-21,0.778089013,6.224712107,7.00280112
2022-06-22,1.556178027,0.778089013,2.3342670400000003
2022-06-23,0.778089013,0.778089013,1.556178026
2022-06-24,0.0,3.890445067,3.890445067
2022-06-25,0.0,1.556178027,1.556178027
2022-06-26,0.0,3.112356054,3.112356054
2022-06-27,1.556178027,7.780890134,9.337068161
2022-06-28,1.556178027,7.780890134,9.337068161
2022-06-29,0.0,1.556178027,1.556178027
2022-06-30,0.0,1.556178027,1.556178027
2022-07-01,0.0,3.112356054,3.112356054
2022-07-02,0.778089013,0.778089013,1.556178026
2022-07-03,0.0,2.33426704,2.33426704
2022-07-04,0.0,11.6713352,11.6713352
2022-07-05,0.0,1.556178027,1.556178027
2022-07-08,0.0,28.01120448,28.01120448
2022-07-09,0.0,1.556178027,1.556178027
2022-07-10,4.66853408,10.89324619,15.56178027
2022-07-11,0.778089013,19.45222533,20.230314343
2022-07-12,2.33426704,28.7892935,31.12356054
2022-07-13,2.33426704,46.6853408,49.01960784
2022-07-14,5.446623094,46.6853408,52.131963894
2022-07-15,0.778089013,33.45782758,34.235916593
2022-07-16,0.0,22.56458139,22.56458139
2022-07-17,0.0,38.12636166,38.12636166
2022-07-18,0.0,14.00560224,14.00560224
2022-07-19,0.0,9.337068161,9.337068161
2022-07-20,0.0,0.778089013,0.778089013
2022-07-21,0.0,1.556178027,1.556178027
2022-07-22,0.778089013,11.6713352,12.449424213
2022-07-23,0.778089013,31.90164955,32.679738563
2022-07-24,0.0,3.890445067,3.890445067
2022-07-25,0.0,8.55897914721444,8.55897914721444
2022-07-26,0.0,20.2303143479614,20.2303143479614
2022-07-27,0.778089013383131,17.1179582944289,17.89604730781203
2022-07-28,0.778089013383131,16.3398692810458,17.11795829442893
2022-07-29,0.0,15.5617802676626,15.5617802676626
2022-07-30,0.0,10.1151571739807,10.1151571739807
2022-07-31,0.778089013383131,10.1151571739807,10.89324618736383
2022-08-01,0.0,37.34827264,37.34827264
2022-08-02,0.0,55.24431995,55.24431995
2022-08-03,0.0,10.11515717,10.11515717
2022-08-04,1.556178027,15.56178027,17.117958297
2022-08-05,0.0,21.78649237,21.78649237
2022-08-06,0.778089013,7.00280112,7.780890133
2022-08-07,4.66853408,3.890445067,8.558979146999999
2022-08-08,0.778089013,7.780890134,8.558979147
2022-08-09,0.0,3.112356054,3.112356054
2022-08-10,0.0,3.890445067,3.890445067
2022-08-11,0.0,0.778089013,0.778089013
2022-08-12,0.0,1.556178027,1.556178027
2022-08-13,0.778089013,1.556178027,2.3342670400000003
2022-08-14,0.778089013,0.778089013,1.556178026
2022-08-15,0.0,0.778089013,0.778089013
2022-08-16,0.0,6.224712107,6.224712107
2022-08-17,0.778089013,0.778089013,1.556178026
2022-08-18,0.0,1.556178027,1.556178027
2022-08-19,0.0,3.890445067,3.890445067
2022-08-20,0.0,4.66853408,4.66853408
2022-08-21,0.0,4.66853408029879,4.66853408029879
2022-08-22,0.0,6.22471210706505,6.22471210706505
2022-08-23,0.0,4.66853408029879,4.66853408029879
2022-08-24,0.0,3.11235605353252,3.11235605353252
2022-08-25,0.0,0.778089013383131,0.778089013383131
2022-08-26,0.0,4.08496732026144,4.08496732026144
2022-08-27,0.0,1.36165577342048,1.36165577342048
2022-08-28,0.0,1.36165577342048,1.36165577342048
2022-08-29,0.0,3.4041394335512,3.4041394335512
2022-08-30,0.0,3.4041394335512,3.4041394335512
2022-08-31,0.0,4.08496732026144,4.08496732026144
2022-09-01,0.68082788671024,2.04248366013072,2.72331154684096
2022-09-02,0.68082788671024,1.36165577342048,2.0424836601307197
2022-09-06,0.680827887,0.0,0.680827887
2022-09-07,0.0,0.680827887,0.680827887
2022-09-08,0.0,3.404139434,3.404139434
2022-09-09,0.680827887,1.361655773,2.0424836600000003
2022-09-11,2.04248366,1.361655773,3.404139433
2022-09-12,1.36165577342048,3.4041394335512,4.76579520697168
2022-09-13,0.68082788671024,1.36165577342048,2.0424836601307197
2022-09-15,0.0,0.68082788671024,0.68082788671024
2022-09-16,1.36165577342048,0.0,1.36165577342048
2022-09-17,0.68082788671024,1.36165577342048,2.0424836601307197
2022-09-19,0.0,0.68082788671024,0.68082788671024
2022-09-21,1.36165577342048,0.0,1.36165577342048
2022-09-22,0.68082788671024,0.0,0.68082788671024
2022-09-23,0.0,0.68082788671024,0.68082788671024
2022-09-24,0.68082788671024,0.0,0.68082788671024
2022-09-26,2.04248366013072,1.36165577342048,3.4041394335512
2022-09-27,4.08496732026144,0.0,4.08496732026144
2022-09-28,0.0,3.4041394335512,3.4041394335512
2022-09-29,0.68082788671024,2.04248366013072,2.72331154684096
2022-09-30,0.68082788671024,1.36165577342048,2.0424836601307197
2022-10-01,0.68082788671024,1.36165577342048,2.0424836601307197
2022-10-02,0.68082788671024,0.0,0.68082788671024
2022-10-06,0.0,0.68082788671024,0.68082788671024
2022-10-08,0.68082788671024,0.68082788671024,1.36165577342048
2022-10-09,0.68082788671024,1.36165577342048,2.0424836601307197
2022-10-10,0.0,0.68082788671024,0.68082788671024
2022-10-11,0.68082788671024,0.68082788671024,1.36165577342048
2022-10-12,0.0,0.68082788671024,0.68082788671024
2022-10-13,0.68082788671024,0.0,0.68082788671024
2022-10-14,0.68082788671024,0.0,0.68082788671024
2022-10-15,0.0,0.68082788671024,0.68082788671024
2022-10-17,0.0,0.68082788671024,0.68082788671024
2022-10-18,0.68082788671024,0.68082788671024,1.36165577342048
2022-10-23,0.68082788671024,0.68082788671024,1.36165577342048
2022-10-25,0.68082788671024,0.68082788671024,1.36165577342048
2022-10-27,1.36165577342048,0.0,1.36165577342048
2022-10-30,0.0,0.68082788671024,0.68082788671024
2022-10-31,0.0,0.68082788671024,0.68082788671024
2022-11-04,0.0,0.68082788671024,0.68082788671024
2022-11-05,6.12745098039216,1.36165577342048,7.48910675381264
2022-11-06,0.0,0.68082788671024,0.68082788671024
2022-11-10,0.68082788671024,0.0,0.68082788671024
2022-11-15,0.68082788671024,0.68082788671024,1.36165577342048
2022-11-17,1.36165577342048,0.0,1.36165577342048
2022-11-19,2.72331154684096,0.0,2.72331154684096
2022-11-22,0.68082788671024,0.0,0.68082788671024
2022-11-23,0.68082788671024,0.0,0.68082788671024
2022-11-24,0.0,1.36165577342048,1.36165577342048
2022-11-25,1.36165577342048,0.68082788671024,2.0424836601307197
2022-11-26,1.36165577342048,0.0,1.36165577342048
2022-11-28,0.68082788671024,0.0,0.68082788671024
2022-12-02,0.0,7.48910675381264,7.48910675381264
2022-12-04,0.0,0.68082788671024,0.68082788671024
2022-12-06,2.04248366013072,1.36165577342048,3.4041394335512
2022-12-07,1.36165577342048,3.4041394335512,4.76579520697168
2022-12-08,0.68082788671024,1.36165577342048,2.0424836601307197
2022-12-10,0.0,0.68082788671024,0.68082788671024
2022-12-11,1.36165577342048,0.0,1.36165577342048
2022-12-12,1.36165577342048,0.0,1.36165577342048
2022-12-13,1.36165577342048,0.0,1.36165577342048
2022-12-14,2.33426704014939,0.0,2.33426704014939
2022-12-15,0.68082788671024,1.36165577342048,2.0424836601307197
2022-12-16,1.36165577342048,0.68082788671024,2.0424836601307197
2022-12-17,2.04248366013072,0.68082788671024,2.72331154684096
2022-12-18,1.36165577342048,0.68082788671024,2.0424836601307197
2022-12-19,27.2331154684096,0.0,27.2331154684096
2022-12-20,28.5947712418301,0.0,28.5947712418301
2022-12-21,0.68082788671024,0.0,0.68082788671024
2022-12-23,0.0,0.68082788671024,0.68082788671024
2022-12-24,0.68082788671024,1.36165577342048,2.0424836601307197
2022-12-25,18.3823529411765,0.0,18.3823529411765
2022-12-26,14.297385620915,1.36165577342048,15.65904139433548
2022-12-27,2.72331154684096,0.0,2.72331154684096
2022-12-28,44.9346405228758,0.0,44.9346405228758
2022-12-29,5.44662309368192,0.0,5.44662309368192
2022-12-31,2.04248366013072,0.0,2.04248366013072
2023-01-01,7.68935024990388,0.64077918749199,8.33012943739587
